[
    {
        "title": "Trucking Fuel Cards, Fleet Gas Cards & Fleet Card Management | AtoB",
        "meta_description": "Manage your fleet's finances with the AtoB trucking fuel & fleet cards. Access discounts, set spending limits, track transactions, & more. Get started now!",
        "h1": "More money for your miles",
        "h2": [
            {
                "text": "Products"
            },
            {
                "text": "Discounts"
            },
            {
                "text": "Who we serve"
            },
            {
                "text": "Partner with AtoB"
            },
            {
                "text": "Electric Vehicles"
            },
            {
                "text": "Blog"
            },
            {
                "text": "About"
            },
            {
                "text": "Better cash flow starts here"
            },
            {
                "text": "One place to manage your fleet’s financial health"
            },
            {
                "text": "For owner-operators, global fleets and everyone in between"
            },
            {
                "text": "More profit from each brokered or factored load"
            },
            {
                "text": "Serving prime movers across the world"
            },
            {
                "text": "40¢+"
            },
            {
                "text": "$100k"
            },
            {
                "text": "2->75"
            },
            {
                "text": "$10k"
            },
            {
                "text": "$32+"
            },
            {
                "text": "37¢"
            },
            {
                "text": "80"
            },
            {
                "text": "10%"
            },
            {
                "text": "$3k"
            },
            {
                "text": "$40k"
            },
            {
                "text": "$45"
            },
            {
                "text": "40¢+"
            },
            {
                "text": "Industry-leading customer service"
            },
            {
                "text": "Frequently asked questions"
            },
            {
                "text": "Let's get you up andrunning with AtoB"
            }
        ]
    }
]