{
  "nodes": [
    [
      "page_1",
      {
        "url": "https://www.atob.com/",
        "title": "Trucking Fuel Cards, Fleet Gas Cards & Fleet Card Management | AtoB",
        "markdown": "[Log in Log in](https://app.atob.com)\n[Get started Get started](https://www.atob.com/get-started)\n## Products\n![](https://cdn.prod.website-files.com/62c496dceca674e60a6d1ecd/633d8479bd210bdb69b13a5d_Chevron%20default.svg)\n[Fuel cards Competitive fuel discounts and powerful security controls.](https://www.atob.com/product-fuel-cards)\n[Driver Pay Pay drivers instantly \u2014 and for less \u2014 with AtoB. ](https://www.atob.com/product-payrolls)\n## Discounts\n![](https://cdn.prod.website-files.com/62c496dceca674e60a6d1ecd/633d8479bd210bdb69b13a5d_Chevron%20default.svg)\n[AtoB Truck Stop Discount Network](https://www.atob.com/truck-stop-discount-network)[AtoB Gas Station Discount Network](https://www.atob.com/gas-station-discount-network)\n## Who we serve\n![](https://cdn.prod.website-files.com/62c496dceca674e60a6d1ecd/633d8479bd210bdb69b13a5d_Chevron%20default.svg)\n[Local businesses For neighborhood, regional, and other short-journey fleets.](https://www.atob.com/local)\n[Over the road fleets For fleet"
      }
    ],
    [
      "https://www.atob.com/get-started",
      {}
    ],
    [
      "https://www.atob.com/product-fuel-cards",
      {}
    ],
    [
      "https://www.atob.com/product-payrolls",
      {}
    ],
    [
      "https://www.atob.com/truck-stop-discount-network",
      {}
    ],
    [
      "https://www.atob.com/gas-station-discount-network",
      {}
    ],
    [
      "https://www.atob.com/local",
      {}
    ],
    [
      "https://www.atob.com/overtheroad",
      {}
    ],
    [
      "https://www.atob.com/become-a-factoring-partner",
      {}
    ],
    [
      "https://www.atob.com/become-a-broker-partner",
      {}
    ],
    [
      "https://www.atob.com/become-a-merchant-partner",
      {}
    ],
    [
      "https://www.atob.com/electricvehicles",
      {}
    ],
    [
      "https://www.atob.com/blog",
      {}
    ],
    [
      "https://www.atob.com/about-us",
      {}
    ],
    [
      "https://www.atob.com/",
      {}
    ],
    [
      "https://www.atob.com/perks",
      {}
    ],
    [
      "https://www.atob.com/learn",
      {}
    ],
    [
      "https://www.atob.com/fuelstations",
      {}
    ],
    [
      "https://www.atob.com/privacy-policy",
      {}
    ],
    [
      "page_2",
      {
        "url": "https://www.atob.com/get-started",
        "title": "Get started",
        "markdown": "[](https://www.atob.com/)\n# Let\u2019s get your application started!\nStart saving on fuel with AtoB\n![](https://cdn.prod.website-files.com/62c496dceca674e60a6d1ecd/63501960c5a92a2b6cca474d_icons.svg)\n## Average discounts of 45\u00a2 and up to $2.00 off per gallon\n![](https://cdn.prod.website-files.com/62c496dceca674e60a6d1ecd/636514df89b80944af3e5245_icons.svg)\n## Run payroll 7 days per week, 365 days per year\n![](https://cdn.prod.website-files.com/62c496dceca674e60a6d1ecd/634ec6d0b5b5ba50d8405465_g-icons8.svg)\n## One card for all fleet expenses\n![](https://cdn.prod.website-files.com/62c496dceca674e60a6d1ecd/636514dfa0ea0b2211807da9_icons-1.svg)\n## Process payments to your drivers instantly\n![](https://cdn.prod.website-files.com/62c496dceca674e60a6d1ecd/634ec53d048321376137461f_g-icons4.svg)\n## Accepted everywhere Mastercard is accepted\n![](https://cdn.prod.website-files.com/62c496dceca674e60a6d1ecd/634ec6d0a926bd6c7414571b_g-icons6.svg)\n## Automate 1099 taxes\n![](https://cdn.prod.website-files."
      }
    ],
    [
      "https://www.atob.com/platform-agreement?__hsfp=2624573244&__hssc=17958374.1.1753366566965&__hstc=17958374.8b18b96b2f66304e40c6dd455a342ee6.1734104150175.1753190689612.1753366566965.77&_gl=1%2A1lindpw%2A_gcl_au%2AODIxMTQ3MTU5LjE3NDk4MzAzMTguNDQxOTgwNDIyLjE3NTEzNjgxODYuMTc1MTM2ODIwNQ..%2A_ga%2AMjAwNTY3MTMzNy4xNzM0MTA0MTQ5%2A_ga_Y6MGR39Y3J%2AczE3NTMzNjY1NjYkbzEwMCRnMCR0MTc1MzM2NjU2NyRqNTkkbDAkaDA.",
      {}
    ],
    [
      "https://www.atob.com/privacy-policy?__hsfp=2624573244&__hssc=17958374.1.1753366566965&__hstc=17958374.8b18b96b2f66304e40c6dd455a342ee6.1734104150175.1753190689612.1753366566965.77&_gl=1%2A1n36c3f%2A_gcl_au%2AODIxMTQ3MTU5LjE3NDk4MzAzMTguNDQxOTgwNDIyLjE3NTEzNjgxODYuMTc1MTM2ODIwNQ..%2A_ga%2AMjAwNTY3MTMzNy4xNzM0MTA0MTQ5%2A_ga_Y6MGR39Y3J%2AczE3NTMzNjY1NjYkbzEwMCRnMCR0MTc1MzM2NjU4MiRqNDQkbDAkaDA.",
      {}
    ],
    [
      "page_3",
      {
        "url": "https://www.atob.com/product-fuel-cards",
        "title": "Mastercard & Prepaid Fleet Fuel Card | AtoB",
        "markdown": "[Log in Log in](https://app.atob.com)\n[Get started Get started](https://www.atob.com/get-started)\n##### \ud83d\ude80 Now free for 90 days: AtoB Premium gives your fuel card advanced security controls and powerful telematics-linked fraud defense.   \n\n## Products\n![](https://cdn.prod.website-files.com/62c496dceca674e60a6d1ecd/633d8479bd210bdb69b13a5d_Chevron%20default.svg)\n[Fuel cards Competitive fuel discounts and powerful security controls.](https://www.atob.com/product-fuel-cards)\n[Driver Pay Pay drivers instantly \u2014 and for less \u2014 with AtoB. ](https://www.atob.com/product-payrolls)\n## Discounts\n![](https://cdn.prod.website-files.com/62c496dceca674e60a6d1ecd/633d8479bd210bdb69b13a5d_Chevron%20default.svg)\n[AtoB Truck Stop Discount Network](https://www.atob.com/truck-stop-discount-network)[AtoB Gas Station Discount Network](https://www.atob.com/gas-station-discount-network)\n## Who we serve\n![](https://cdn.prod.website-files.com/62c496dceca674e60a6d1ecd/633d8479bd210bdb69b13a5d_Chevron%20default.sv"
      }
    ],
    [
      "https://www.atob.com/platform-agreement",
      {}
    ],
    [
      "https://www.atob.com/7-eleven-gas-station",
      {}
    ],
    [
      "https://www.atob.com/racetrac-fuel-station",
      {}
    ],
    [
      "https://www.atob.com/caseys-fuel-station",
      {}
    ],
    [
      "https://www.atob.com/chevron-fuel-station",
      {}
    ],
    [
      "https://www.atob.com/blog/what-is-telematics",
      {}
    ],
    [
      "https://www.atob.com/blog/how-to-prevent-fuel-card-fraud",
      {}
    ],
    [
      "page_4",
      {
        "url": "https://www.atob.com/product-payrolls",
        "title": "Fleet Driver Payroll Made Easy | AtoB",
        "markdown": "[Log in Log in](https://app.atob.com)\n[Get started Get started](https://www.atob.com/get-started)\n## Products\n![](https://cdn.prod.website-files.com/62c496dceca674e60a6d1ecd/633d8479bd210bdb69b13a5d_Chevron%20default.svg)\n[Fuel cards Competitive fuel discounts and powerful security controls.](https://www.atob.com/product-fuel-cards)\n[Driver Pay Pay drivers instantly \u2014 and for less \u2014 with AtoB. ](https://www.atob.com/product-payrolls)\n## Discounts\n![](https://cdn.prod.website-files.com/62c496dceca674e60a6d1ecd/633d8479bd210bdb69b13a5d_Chevron%20default.svg)\n[AtoB Truck Stop Discount Network](https://www.atob.com/truck-stop-discount-network)[AtoB Gas Station Discount Network](https://www.atob.com/gas-station-discount-network)\n## Who we serve\n![](https://cdn.prod.website-files.com/62c496dceca674e60a6d1ecd/633d8479bd210bdb69b13a5d_Chevron%20default.svg)\n[Local businesses For neighborhood, regional, and other short-journey fleets.](https://www.atob.com/local)\n[Over the road fleets For fleet"
      }
    ],
    [
      "page_5",
      {
        "url": "https://www.atob.com/truck-stop-discount-network",
        "title": "AtoB Truck Stop Discount Network",
        "markdown": "[Log in Log in](https://app.atob.com)\n[Get started Get started](https://www.atob.com/get-started)\n## Products\n![](https://cdn.prod.website-files.com/62c496dceca674e60a6d1ecd/633d8479bd210bdb69b13a5d_Chevron%20default.svg)\n[Fuel cards Competitive fuel discounts and powerful security controls.](https://www.atob.com/product-fuel-cards)\n[Driver Pay Pay drivers instantly \u2014 and for less \u2014 with AtoB. ](https://www.atob.com/product-payrolls)\n## Discounts\n![](https://cdn.prod.website-files.com/62c496dceca674e60a6d1ecd/633d8479bd210bdb69b13a5d_Chevron%20default.svg)\n[AtoB Truck Stop Discount Network](https://www.atob.com/truck-stop-discount-network)[AtoB Gas Station Discount Network](https://www.atob.com/gas-station-discount-network)\n## Who we serve\n![](https://cdn.prod.website-files.com/62c496dceca674e60a6d1ecd/633d8479bd210bdb69b13a5d_Chevron%20default.svg)\n[Local businesses For neighborhood, regional, and other short-journey fleets.](https://www.atob.com/local)\n[Over the road fleets For fleet"
      }
    ],
    [
      "page_6",
      {
        "url": "https://www.atob.com/gas-station-discount-network",
        "title": "AtoB Gas Station Discount Network",
        "markdown": "[Log in Log in](https://app.atob.com)\n[Get started Get started](https://www.atob.com/get-started)\n## Products\n![](https://cdn.prod.website-files.com/62c496dceca674e60a6d1ecd/633d8479bd210bdb69b13a5d_Chevron%20default.svg)\n[Fuel cards Competitive fuel discounts and powerful security controls.](https://www.atob.com/product-fuel-cards)\n[Driver Pay Pay drivers instantly \u2014 and for less \u2014 with AtoB. ](https://www.atob.com/product-payrolls)\n## Discounts\n![](https://cdn.prod.website-files.com/62c496dceca674e60a6d1ecd/633d8479bd210bdb69b13a5d_Chevron%20default.svg)\n[AtoB Truck Stop Discount Network](https://www.atob.com/truck-stop-discount-network)[AtoB Gas Station Discount Network](https://www.atob.com/gas-station-discount-network)\n## Who we serve\n![](https://cdn.prod.website-files.com/62c496dceca674e60a6d1ecd/633d8479bd210bdb69b13a5d_Chevron%20default.svg)\n[Local businesses For neighborhood, regional, and other short-journey fleets.](https://www.atob.com/local)\n[Over the road fleets For fleet"
      }
    ],
    [
      "page_7",
      {
        "url": "https://www.atob.com/local",
        "title": "Small Business Fuel Card | AtoB",
        "markdown": "[Log in Log in](https://app.atob.com)\n[Get started Get started](https://www.atob.com/get-started)\n## Products\n![](https://cdn.prod.website-files.com/62c496dceca674e60a6d1ecd/633d8479bd210bdb69b13a5d_Chevron%20default.svg)\n[Fuel cards Competitive fuel discounts and powerful security controls.](https://www.atob.com/product-fuel-cards)\n[Driver Pay Pay drivers instantly \u2014 and for less \u2014 with AtoB. ](https://www.atob.com/product-payrolls)\n## Discounts\n![](https://cdn.prod.website-files.com/62c496dceca674e60a6d1ecd/633d8479bd210bdb69b13a5d_Chevron%20default.svg)\n[AtoB Truck Stop Discount Network](https://www.atob.com/truck-stop-discount-network)[AtoB Gas Station Discount Network](https://www.atob.com/gas-station-discount-network)\n## Who we serve\n![](https://cdn.prod.website-files.com/62c496dceca674e60a6d1ecd/633d8479bd210bdb69b13a5d_Chevron%20default.svg)\n[Local businesses For neighborhood, regional, and other short-journey fleets.](https://www.atob.com/local)\n[Over the road fleets For fleet"
      }
    ],
    [
      "https://www.atob.com/discounts",
      {}
    ],
    [
      "page_8",
      {
        "url": "https://www.atob.com/overtheroad",
        "title": "Mastercard and OTR Fuel Card for Fleets  | AtoB",
        "markdown": "[Log in Log in](https://app.atob.com)\n[Get started Get started](https://www.atob.com/get-started)\n## Products\n![](https://cdn.prod.website-files.com/62c496dceca674e60a6d1ecd/633d8479bd210bdb69b13a5d_Chevron%20default.svg)\n[Fuel cards Competitive fuel discounts and powerful security controls.](https://www.atob.com/product-fuel-cards)\n[Driver Pay Pay drivers instantly \u2014 and for less \u2014 with AtoB. ](https://www.atob.com/product-payrolls)\n## Discounts\n![](https://cdn.prod.website-files.com/62c496dceca674e60a6d1ecd/633d8479bd210bdb69b13a5d_Chevron%20default.svg)\n[AtoB Truck Stop Discount Network](https://www.atob.com/truck-stop-discount-network)[AtoB Gas Station Discount Network](https://www.atob.com/gas-station-discount-network)\n## Who we serve\n![](https://cdn.prod.website-files.com/62c496dceca674e60a6d1ecd/633d8479bd210bdb69b13a5d_Chevron%20default.svg)\n[Local businesses For neighborhood, regional, and other short-journey fleets.](https://www.atob.com/local)\n[Over the road fleets For fleet"
      }
    ],
    [
      "page_9",
      {
        "url": "https://www.atob.com/become-a-factoring-partner",
        "title": "Factoring - Atob",
        "markdown": "[Log in Log in](https://www.atob.com/become-a-factoring-partner)\n[Get started Get started](https://www.atob.com/get-started)\n## Products\n![](https://cdn.prod.website-files.com/62c496dceca674e60a6d1ecd/633d8479bd210bdb69b13a5d_Chevron%20default.svg)\n[Fuel cards Competitive fuel discounts and powerful security controls.](https://www.atob.com/product-fuel-cards)\n[Driver Pay Pay drivers instantly \u2014 and for less \u2014 with AtoB. ](https://www.atob.com/product-payrolls)\n## Discounts\n![](https://cdn.prod.website-files.com/62c496dceca674e60a6d1ecd/633d8479bd210bdb69b13a5d_Chevron%20default.svg)\n[AtoB Truck Stop Discount Network](https://www.atob.com/truck-stop-discount-network)[AtoB Gas Station Discount Network](https://www.atob.com/gas-station-discount-network)\n## Who we serve\n![](https://cdn.prod.website-files.com/62c496dceca674e60a6d1ecd/633d8479bd210bdb69b13a5d_Chevron%20default.svg)\n[Local businesses For neighborhood, regional, and other short-journey fleets.](https://www.atob.com/local)\n[Ove"
      }
    ],
    [
      "page_10",
      {
        "url": "https://www.atob.com/become-a-broker-partner",
        "title": "Broker - Atob",
        "markdown": "[Log in Log in](https://app.atob.com)\n[Get started Get started](https://www.atob.com/get-started)\n## Products\n![](https://cdn.prod.website-files.com/62c496dceca674e60a6d1ecd/633d8479bd210bdb69b13a5d_Chevron%20default.svg)\n[Fuel cards Competitive fuel discounts and powerful security controls.](https://www.atob.com/product-fuel-cards)\n[Driver Pay Pay drivers instantly \u2014 and for less \u2014 with AtoB. ](https://www.atob.com/product-payrolls)\n## Discounts\n![](https://cdn.prod.website-files.com/62c496dceca674e60a6d1ecd/633d8479bd210bdb69b13a5d_Chevron%20default.svg)\n[AtoB Truck Stop Discount Network](https://www.atob.com/truck-stop-discount-network)[AtoB Gas Station Discount Network](https://www.atob.com/gas-station-discount-network)\n## Who we serve\n![](https://cdn.prod.website-files.com/62c496dceca674e60a6d1ecd/633d8479bd210bdb69b13a5d_Chevron%20default.svg)\n[Local businesses For neighborhood, regional, and other short-journey fleets.](https://www.atob.com/local)\n[Over the road fleets For fleet"
      }
    ]
  ],
  "edges": [
    {
      "from": "page_1",
      "to": "https://www.atob.com/get-started",
      "label": "Get startedGet started"
    },
    {
      "from": "page_1",
      "to": "https://www.atob.com/product-fuel-cards",
      "label": "Fuel cards\n\n\nCompetitive fuel discounts and powerful security controls."
    },
    {
      "from": "page_1",
      "to": "https://www.atob.com/product-payrolls",
      "label": "Driver Pay\n\n\nPay drivers instantly \u2014 and for less \u2014 with AtoB."
    },
    {
      "from": "page_1",
      "to": "https://www.atob.com/truck-stop-discount-network",
      "label": "AtoB Truck Stop Discount Network"
    },
    {
      "from": "page_1",
      "to": "https://www.atob.com/gas-station-discount-network",
      "label": "AtoB Gas Station Discount Network"
    },
    {
      "from": "page_1",
      "to": "https://www.atob.com/local",
      "label": "Local businesses\n\n\nFor neighborhood, regional, and other short-journey fleets."
    },
    {
      "from": "page_1",
      "to": "https://www.atob.com/overtheroad",
      "label": "Over the road fleets\n\n\nFor fleets with nationwide and interstate reach."
    },
    {
      "from": "page_1",
      "to": "https://www.atob.com/become-a-factoring-partner",
      "label": "Factoring partners\n\n\nLaunch a cobranded card solution with AtoB"
    },
    {
      "from": "page_1",
      "to": "https://www.atob.com/become-a-broker-partner",
      "label": "Broker partners\n\n\nLaunch your fuel card program with AtoB"
    },
    {
      "from": "page_1",
      "to": "https://www.atob.com/become-a-merchant-partner",
      "label": "Merchant partners\n\n\nJoin the AtoB Discount Network and grow your gallons"
    },
    {
      "from": "page_1",
      "to": "https://www.atob.com/electricvehicles",
      "label": "Electric Vehicles"
    },
    {
      "from": "page_1",
      "to": "https://www.atob.com/blog",
      "label": "Blog"
    },
    {
      "from": "page_1",
      "to": "https://www.atob.com/about-us",
      "label": "About"
    },
    {
      "from": "page_1",
      "to": "https://www.atob.com/",
      "label": ""
    },
    {
      "from": "page_1",
      "to": "https://www.atob.com/perks",
      "label": "AtoB Perks"
    },
    {
      "from": "page_1",
      "to": "https://www.atob.com/learn",
      "label": "Learn"
    },
    {
      "from": "page_1",
      "to": "https://www.atob.com/fuelstations",
      "label": "Fuel Partners"
    },
    {
      "from": "page_1",
      "to": "https://www.atob.com/privacy-policy",
      "label": "Privacy Policy"
    },
    {
      "from": "page_2",
      "to": "https://www.atob.com/",
      "label": ""
    },
    {
      "from": "page_2",
      "to": "https://www.atob.com/get-started",
      "label": ""
    },
    {
      "from": "page_2",
      "to": "https://www.atob.com/platform-agreement?__hsfp=2624573244&__hssc=17958374.1.1753366566965&__hstc=17958374.8b18b96b2f66304e40c6dd455a342ee6.1734104150175.1753190689612.1753366566965.77&_gl=1%2A1lindpw%2A_gcl_au%2AODIxMTQ3MTU5LjE3NDk4MzAzMTguNDQxOTgwNDIyLjE3NTEzNjgxODYuMTc1MTM2ODIwNQ..%2A_ga%2AMjAwNTY3MTMzNy4xNzM0MTA0MTQ5%2A_ga_Y6MGR39Y3J%2AczE3NTMzNjY1NjYkbzEwMCRnMCR0MTc1MzM2NjU2NyRqNTkkbDAkaDA.",
      "label": "Platform Agreement"
    },
    {
      "from": "page_2",
      "to": "https://www.atob.com/privacy-policy?__hsfp=2624573244&__hssc=17958374.1.1753366566965&__hstc=17958374.8b18b96b2f66304e40c6dd455a342ee6.1734104150175.1753190689612.1753366566965.77&_gl=1%2A1n36c3f%2A_gcl_au%2AODIxMTQ3MTU5LjE3NDk4MzAzMTguNDQxOTgwNDIyLjE3NTEzNjgxODYuMTc1MTM2ODIwNQ..%2A_ga%2AMjAwNTY3MTMzNy4xNzM0MTA0MTQ5%2A_ga_Y6MGR39Y3J%2AczE3NTMzNjY1NjYkbzEwMCRnMCR0MTc1MzM2NjU4MiRqNDQkbDAkaDA.",
      "label": "Privacy Policy"
    },
    {
      "from": "page_3",
      "to": "https://www.atob.com/get-started",
      "label": "Get startedGet started"
    },
    {
      "from": "page_3",
      "to": "https://www.atob.com/product-fuel-cards",
      "label": "Fuel cards\n\n\nCompetitive fuel discounts and powerful security controls."
    },
    {
      "from": "page_3",
      "to": "https://www.atob.com/product-payrolls",
      "label": "Driver Pay\n\n\nPay drivers instantly \u2014 and for less \u2014 with AtoB."
    },
    {
      "from": "page_3",
      "to": "https://www.atob.com/truck-stop-discount-network",
      "label": "AtoB Truck Stop Discount Network"
    },
    {
      "from": "page_3",
      "to": "https://www.atob.com/gas-station-discount-network",
      "label": "AtoB Gas Station Discount Network"
    },
    {
      "from": "page_3",
      "to": "https://www.atob.com/local",
      "label": "Local businesses\n\n\nFor neighborhood, regional, and other short-journey fleets."
    },
    {
      "from": "page_3",
      "to": "https://www.atob.com/overtheroad",
      "label": "Over the road fleets\n\n\nFor fleets with nationwide and interstate reach."
    },
    {
      "from": "page_3",
      "to": "https://www.atob.com/become-a-factoring-partner",
      "label": "Factoring partners\n\n\nLaunch a cobranded card solution with AtoB"
    },
    {
      "from": "page_3",
      "to": "https://www.atob.com/become-a-broker-partner",
      "label": "Broker partners\n\n\nLaunch your fuel card program with AtoB"
    },
    {
      "from": "page_3",
      "to": "https://www.atob.com/become-a-merchant-partner",
      "label": "Merchant partners\n\n\nJoin the AtoB Discount Network and grow your gallons"
    },
    {
      "from": "page_3",
      "to": "https://www.atob.com/electricvehicles",
      "label": "Electric Vehicles"
    },
    {
      "from": "page_3",
      "to": "https://www.atob.com/blog",
      "label": "Blog"
    },
    {
      "from": "page_3",
      "to": "https://www.atob.com/about-us",
      "label": "About"
    },
    {
      "from": "page_3",
      "to": "https://www.atob.com/",
      "label": ""
    },
    {
      "from": "page_3",
      "to": "https://www.atob.com/platform-agreement",
      "label": "Platform Agreement"
    },
    {
      "from": "page_3",
      "to": "https://www.atob.com/privacy-policy",
      "label": "Privacy Policy"
    },
    {
      "from": "page_3",
      "to": "https://www.atob.com/perks",
      "label": ""
    },
    {
      "from": "page_3",
      "to": "https://www.atob.com/7-eleven-gas-station",
      "label": "7-Eleven"
    },
    {
      "from": "page_3",
      "to": "https://www.atob.com/racetrac-fuel-station",
      "label": "RaceTrac"
    },
    {
      "from": "page_3",
      "to": "https://www.atob.com/caseys-fuel-station",
      "label": "Casey's"
    },
    {
      "from": "page_3",
      "to": "https://www.atob.com/chevron-fuel-station",
      "label": "Chevron"
    },
    {
      "from": "page_3",
      "to": "https://www.atob.com/blog/what-is-telematics",
      "label": "telematics"
    },
    {
      "from": "page_3",
      "to": "https://www.atob.com/blog/how-to-prevent-fuel-card-fraud",
      "label": "fuel fraud"
    },
    {
      "from": "page_3",
      "to": "https://www.atob.com/learn",
      "label": "Learn"
    },
    {
      "from": "page_3",
      "to": "https://www.atob.com/fuelstations",
      "label": "Fuel Partners"
    },
    {
      "from": "page_4",
      "to": "https://www.atob.com/get-started",
      "label": "Get startedGet started"
    },
    {
      "from": "page_4",
      "to": "https://www.atob.com/product-fuel-cards",
      "label": "Fuel cards\n\n\nCompetitive fuel discounts and powerful security controls."
    },
    {
      "from": "page_4",
      "to": "https://www.atob.com/product-payrolls",
      "label": "Driver Pay\n\n\nPay drivers instantly \u2014 and for less \u2014 with AtoB."
    },
    {
      "from": "page_4",
      "to": "https://www.atob.com/truck-stop-discount-network",
      "label": "AtoB Truck Stop Discount Network"
    },
    {
      "from": "page_4",
      "to": "https://www.atob.com/gas-station-discount-network",
      "label": "AtoB Gas Station Discount Network"
    },
    {
      "from": "page_4",
      "to": "https://www.atob.com/local",
      "label": "Local businesses\n\n\nFor neighborhood, regional, and other short-journey fleets."
    },
    {
      "from": "page_4",
      "to": "https://www.atob.com/overtheroad",
      "label": "Over the road fleets\n\n\nFor fleets with nationwide and interstate reach."
    },
    {
      "from": "page_4",
      "to": "https://www.atob.com/become-a-factoring-partner",
      "label": "Factoring partners\n\n\nLaunch a cobranded card solution with AtoB"
    },
    {
      "from": "page_4",
      "to": "https://www.atob.com/become-a-broker-partner",
      "label": "Broker partners\n\n\nLaunch your fuel card program with AtoB"
    },
    {
      "from": "page_4",
      "to": "https://www.atob.com/become-a-merchant-partner",
      "label": "Merchant partners\n\n\nJoin the AtoB Discount Network and grow your gallons"
    },
    {
      "from": "page_4",
      "to": "https://www.atob.com/electricvehicles",
      "label": "Electric Vehicles"
    },
    {
      "from": "page_4",
      "to": "https://www.atob.com/blog",
      "label": "Blog"
    },
    {
      "from": "page_4",
      "to": "https://www.atob.com/about-us",
      "label": "About"
    },
    {
      "from": "page_4",
      "to": "https://www.atob.com/",
      "label": ""
    },
    {
      "from": "page_4",
      "to": "https://www.atob.com/perks",
      "label": "AtoB Perks"
    },
    {
      "from": "page_4",
      "to": "https://www.atob.com/learn",
      "label": "Learn"
    },
    {
      "from": "page_4",
      "to": "https://www.atob.com/fuelstations",
      "label": "Fuel Partners"
    },
    {
      "from": "page_4",
      "to": "https://www.atob.com/privacy-policy",
      "label": "Privacy Policy"
    },
    {
      "from": "page_5",
      "to": "https://www.atob.com/get-started",
      "label": "Get startedGet started"
    },
    {
      "from": "page_5",
      "to": "https://www.atob.com/product-fuel-cards",
      "label": "Fuel cards\n\n\nCompetitive fuel discounts and powerful security controls."
    },
    {
      "from": "page_5",
      "to": "https://www.atob.com/product-payrolls",
      "label": "Driver Pay\n\n\nPay drivers instantly \u2014 and for less \u2014 with AtoB."
    },
    {
      "from": "page_5",
      "to": "https://www.atob.com/truck-stop-discount-network",
      "label": "AtoB Truck Stop Discount Network"
    },
    {
      "from": "page_5",
      "to": "https://www.atob.com/gas-station-discount-network",
      "label": "AtoB Gas Station Discount Network"
    },
    {
      "from": "page_5",
      "to": "https://www.atob.com/local",
      "label": "Local businesses\n\n\nFor neighborhood, regional, and other short-journey fleets."
    },
    {
      "from": "page_5",
      "to": "https://www.atob.com/overtheroad",
      "label": "Over the road fleets\n\n\nFor fleets with nationwide and interstate reach."
    },
    {
      "from": "page_5",
      "to": "https://www.atob.com/become-a-factoring-partner",
      "label": "Factoring partners\n\n\nLaunch a cobranded card solution with AtoB"
    },
    {
      "from": "page_5",
      "to": "https://www.atob.com/become-a-broker-partner",
      "label": "Broker partners\n\n\nLaunch your fuel card program with AtoB"
    },
    {
      "from": "page_5",
      "to": "https://www.atob.com/become-a-merchant-partner",
      "label": "Merchant partners\n\n\nJoin the AtoB Discount Network and grow your gallons"
    },
    {
      "from": "page_5",
      "to": "https://www.atob.com/electricvehicles",
      "label": "Electric Vehicles"
    },
    {
      "from": "page_5",
      "to": "https://www.atob.com/blog",
      "label": "Blog"
    },
    {
      "from": "page_5",
      "to": "https://www.atob.com/about-us",
      "label": "About"
    },
    {
      "from": "page_5",
      "to": "https://www.atob.com/",
      "label": ""
    },
    {
      "from": "page_5",
      "to": "https://www.atob.com/perks",
      "label": "AtoB Perks"
    },
    {
      "from": "page_5",
      "to": "https://www.atob.com/learn",
      "label": "Learn"
    },
    {
      "from": "page_5",
      "to": "https://www.atob.com/fuelstations",
      "label": "Fuel Partners"
    },
    {
      "from": "page_5",
      "to": "https://www.atob.com/privacy-policy",
      "label": "Privacy Policy"
    },
    {
      "from": "page_6",
      "to": "https://www.atob.com/get-started",
      "label": "Get startedGet started"
    },
    {
      "from": "page_6",
      "to": "https://www.atob.com/product-fuel-cards",
      "label": "Fuel cards\n\n\nCompetitive fuel discounts and powerful security controls."
    },
    {
      "from": "page_6",
      "to": "https://www.atob.com/product-payrolls",
      "label": "Driver Pay\n\n\nPay drivers instantly \u2014 and for less \u2014 with AtoB."
    },
    {
      "from": "page_6",
      "to": "https://www.atob.com/truck-stop-discount-network",
      "label": "AtoB Truck Stop Discount Network"
    },
    {
      "from": "page_6",
      "to": "https://www.atob.com/gas-station-discount-network",
      "label": "AtoB Gas Station Discount Network"
    },
    {
      "from": "page_6",
      "to": "https://www.atob.com/local",
      "label": "Local businesses\n\n\nFor neighborhood, regional, and other short-journey fleets."
    },
    {
      "from": "page_6",
      "to": "https://www.atob.com/overtheroad",
      "label": "Over the road fleets\n\n\nFor fleets with nationwide and interstate reach."
    },
    {
      "from": "page_6",
      "to": "https://www.atob.com/become-a-factoring-partner",
      "label": "Factoring partners\n\n\nLaunch a cobranded card solution with AtoB"
    },
    {
      "from": "page_6",
      "to": "https://www.atob.com/become-a-broker-partner",
      "label": "Broker partners\n\n\nLaunch your fuel card program with AtoB"
    },
    {
      "from": "page_6",
      "to": "https://www.atob.com/become-a-merchant-partner",
      "label": "Merchant partners\n\n\nJoin the AtoB Discount Network and grow your gallons"
    },
    {
      "from": "page_6",
      "to": "https://www.atob.com/electricvehicles",
      "label": "Electric Vehicles"
    },
    {
      "from": "page_6",
      "to": "https://www.atob.com/blog",
      "label": "Blog"
    },
    {
      "from": "page_6",
      "to": "https://www.atob.com/about-us",
      "label": "About"
    },
    {
      "from": "page_6",
      "to": "https://www.atob.com/",
      "label": ""
    },
    {
      "from": "page_6",
      "to": "https://www.atob.com/perks",
      "label": "AtoB Perks"
    },
    {
      "from": "page_6",
      "to": "https://www.atob.com/learn",
      "label": "Learn"
    },
    {
      "from": "page_6",
      "to": "https://www.atob.com/fuelstations",
      "label": "Fuel Partners"
    },
    {
      "from": "page_6",
      "to": "https://www.atob.com/privacy-policy",
      "label": "Privacy Policy"
    },
    {
      "from": "page_7",
      "to": "https://www.atob.com/get-started",
      "label": "Get startedGet started"
    },
    {
      "from": "page_7",
      "to": "https://www.atob.com/product-fuel-cards",
      "label": "Fuel cards\n\n\nCompetitive fuel discounts and powerful security controls."
    },
    {
      "from": "page_7",
      "to": "https://www.atob.com/product-payrolls",
      "label": "Driver Pay\n\n\nPay drivers instantly \u2014 and for less \u2014 with AtoB."
    },
    {
      "from": "page_7",
      "to": "https://www.atob.com/truck-stop-discount-network",
      "label": "AtoB Truck Stop Discount Network"
    },
    {
      "from": "page_7",
      "to": "https://www.atob.com/gas-station-discount-network",
      "label": "AtoB Gas Station Discount Network"
    },
    {
      "from": "page_7",
      "to": "https://www.atob.com/local",
      "label": "Local businesses\n\n\nFor neighborhood, regional, and other short-journey fleets."
    },
    {
      "from": "page_7",
      "to": "https://www.atob.com/overtheroad",
      "label": "Over the road fleets\n\n\nFor fleets with nationwide and interstate reach."
    },
    {
      "from": "page_7",
      "to": "https://www.atob.com/become-a-factoring-partner",
      "label": "Factoring partners\n\n\nLaunch a cobranded card solution with AtoB"
    },
    {
      "from": "page_7",
      "to": "https://www.atob.com/become-a-broker-partner",
      "label": "Broker partners\n\n\nLaunch your fuel card program with AtoB"
    },
    {
      "from": "page_7",
      "to": "https://www.atob.com/become-a-merchant-partner",
      "label": "Merchant partners\n\n\nJoin the AtoB Discount Network and grow your gallons"
    },
    {
      "from": "page_7",
      "to": "https://www.atob.com/electricvehicles",
      "label": "Electric Vehicles"
    },
    {
      "from": "page_7",
      "to": "https://www.atob.com/blog",
      "label": "Blog"
    },
    {
      "from": "page_7",
      "to": "https://www.atob.com/about-us",
      "label": "About"
    },
    {
      "from": "page_7",
      "to": "https://www.atob.com/",
      "label": ""
    },
    {
      "from": "page_7",
      "to": "https://www.atob.com/discounts",
      "label": "discounts on gas purchases"
    },
    {
      "from": "page_7",
      "to": "https://www.atob.com/perks",
      "label": "AtoB Perks"
    },
    {
      "from": "page_7",
      "to": "https://www.atob.com/learn",
      "label": "Learn"
    },
    {
      "from": "page_7",
      "to": "https://www.atob.com/fuelstations",
      "label": "Fuel Partners"
    },
    {
      "from": "page_7",
      "to": "https://www.atob.com/privacy-policy",
      "label": "Privacy Policy"
    },
    {
      "from": "page_8",
      "to": "https://www.atob.com/get-started",
      "label": "Get startedGet started"
    },
    {
      "from": "page_8",
      "to": "https://www.atob.com/product-fuel-cards",
      "label": "Fuel cards\n\n\nCompetitive fuel discounts and powerful security controls."
    },
    {
      "from": "page_8",
      "to": "https://www.atob.com/product-payrolls",
      "label": "Driver Pay\n\n\nPay drivers instantly \u2014 and for less \u2014 with AtoB."
    },
    {
      "from": "page_8",
      "to": "https://www.atob.com/truck-stop-discount-network",
      "label": "AtoB Truck Stop Discount Network"
    },
    {
      "from": "page_8",
      "to": "https://www.atob.com/gas-station-discount-network",
      "label": "AtoB Gas Station Discount Network"
    },
    {
      "from": "page_8",
      "to": "https://www.atob.com/local",
      "label": "Local businesses\n\n\nFor neighborhood, regional, and other short-journey fleets."
    },
    {
      "from": "page_8",
      "to": "https://www.atob.com/overtheroad",
      "label": "Over the road fleets\n\n\nFor fleets with nationwide and interstate reach."
    },
    {
      "from": "page_8",
      "to": "https://www.atob.com/become-a-factoring-partner",
      "label": "Factoring partners\n\n\nLaunch a cobranded card solution with AtoB"
    },
    {
      "from": "page_8",
      "to": "https://www.atob.com/become-a-broker-partner",
      "label": "Broker partners\n\n\nLaunch your fuel card program with AtoB"
    },
    {
      "from": "page_8",
      "to": "https://www.atob.com/become-a-merchant-partner",
      "label": "Merchant partners\n\n\nJoin the AtoB Discount Network and grow your gallons"
    },
    {
      "from": "page_8",
      "to": "https://www.atob.com/electricvehicles",
      "label": "Electric Vehicles"
    },
    {
      "from": "page_8",
      "to": "https://www.atob.com/blog",
      "label": "Blog"
    },
    {
      "from": "page_8",
      "to": "https://www.atob.com/about-us",
      "label": "About"
    },
    {
      "from": "page_8",
      "to": "https://www.atob.com/",
      "label": ""
    },
    {
      "from": "page_8",
      "to": "https://www.atob.com/perks",
      "label": "AtoB Perks"
    },
    {
      "from": "page_8",
      "to": "https://www.atob.com/learn",
      "label": "Learn"
    },
    {
      "from": "page_8",
      "to": "https://www.atob.com/fuelstations",
      "label": "Fuel Partners"
    },
    {
      "from": "page_8",
      "to": "https://www.atob.com/privacy-policy",
      "label": "Privacy Policy"
    },
    {
      "from": "page_9",
      "to": "https://www.atob.com/become-a-factoring-partner",
      "label": "Log inLog in"
    },
    {
      "from": "page_9",
      "to": "https://www.atob.com/get-started",
      "label": "Get startedGet started"
    },
    {
      "from": "page_9",
      "to": "https://www.atob.com/product-fuel-cards",
      "label": "Fuel cards\n\n\nCompetitive fuel discounts and powerful security controls."
    },
    {
      "from": "page_9",
      "to": "https://www.atob.com/product-payrolls",
      "label": "Driver Pay\n\n\nPay drivers instantly \u2014 and for less \u2014 with AtoB."
    },
    {
      "from": "page_9",
      "to": "https://www.atob.com/truck-stop-discount-network",
      "label": "AtoB Truck Stop Discount Network"
    },
    {
      "from": "page_9",
      "to": "https://www.atob.com/gas-station-discount-network",
      "label": "AtoB Gas Station Discount Network"
    },
    {
      "from": "page_9",
      "to": "https://www.atob.com/local",
      "label": "Local businesses\n\n\nFor neighborhood, regional, and other short-journey fleets."
    },
    {
      "from": "page_9",
      "to": "https://www.atob.com/overtheroad",
      "label": "Over the road fleets\n\n\nFor fleets with nationwide and interstate reach."
    },
    {
      "from": "page_9",
      "to": "https://www.atob.com/become-a-broker-partner",
      "label": "Broker partners\n\n\nLaunch your fuel card program with AtoB"
    },
    {
      "from": "page_9",
      "to": "https://www.atob.com/become-a-merchant-partner",
      "label": "Merchant partners\n\n\nJoin the AtoB Discount Network and grow your gallons"
    },
    {
      "from": "page_9",
      "to": "https://www.atob.com/electricvehicles",
      "label": "Electric Vehicles"
    },
    {
      "from": "page_9",
      "to": "https://www.atob.com/blog",
      "label": "Blog"
    },
    {
      "from": "page_9",
      "to": "https://www.atob.com/about-us",
      "label": "About"
    },
    {
      "from": "page_9",
      "to": "https://www.atob.com/",
      "label": ""
    },
    {
      "from": "page_9",
      "to": "https://www.atob.com/perks",
      "label": "AtoB Perks"
    },
    {
      "from": "page_9",
      "to": "https://www.atob.com/learn",
      "label": "Learn"
    },
    {
      "from": "page_9",
      "to": "https://www.atob.com/fuelstations",
      "label": "Fuel Partners"
    },
    {
      "from": "page_9",
      "to": "https://www.atob.com/privacy-policy",
      "label": "Privacy Policy"
    },
    {
      "from": "page_10",
      "to": "https://www.atob.com/get-started",
      "label": "Get startedGet started"
    },
    {
      "from": "page_10",
      "to": "https://www.atob.com/product-fuel-cards",
      "label": "Fuel cards\n\n\nCompetitive fuel discounts and powerful security controls."
    },
    {
      "from": "page_10",
      "to": "https://www.atob.com/product-payrolls",
      "label": "Driver Pay\n\n\nPay drivers instantly \u2014 and for less \u2014 with AtoB."
    },
    {
      "from": "page_10",
      "to": "https://www.atob.com/truck-stop-discount-network",
      "label": "AtoB Truck Stop Discount Network"
    },
    {
      "from": "page_10",
      "to": "https://www.atob.com/gas-station-discount-network",
      "label": "AtoB Gas Station Discount Network"
    },
    {
      "from": "page_10",
      "to": "https://www.atob.com/local",
      "label": "Local businesses\n\n\nFor neighborhood, regional, and other short-journey fleets."
    },
    {
      "from": "page_10",
      "to": "https://www.atob.com/overtheroad",
      "label": "Over the road fleets\n\n\nFor fleets with nationwide and interstate reach."
    },
    {
      "from": "page_10",
      "to": "https://www.atob.com/become-a-factoring-partner",
      "label": "Factoring partners\n\n\nLaunch a cobranded card solution with AtoB"
    },
    {
      "from": "page_10",
      "to": "https://www.atob.com/become-a-broker-partner",
      "label": "Broker partners\n\n\nLaunch your fuel card program with AtoB"
    },
    {
      "from": "page_10",
      "to": "https://www.atob.com/become-a-merchant-partner",
      "label": "Merchant partners\n\n\nJoin the AtoB Discount Network and grow your gallons"
    },
    {
      "from": "page_10",
      "to": "https://www.atob.com/electricvehicles",
      "label": "Electric Vehicles"
    },
    {
      "from": "page_10",
      "to": "https://www.atob.com/blog",
      "label": "Blog"
    },
    {
      "from": "page_10",
      "to": "https://www.atob.com/about-us",
      "label": "About"
    },
    {
      "from": "page_10",
      "to": "https://www.atob.com/",
      "label": ""
    },
    {
      "from": "page_10",
      "to": "https://www.atob.com/perks",
      "label": "AtoB Perks"
    },
    {
      "from": "page_10",
      "to": "https://www.atob.com/learn",
      "label": "Learn"
    },
    {
      "from": "page_10",
      "to": "https://www.atob.com/fuelstations",
      "label": "Fuel Partners"
    },
    {
      "from": "page_10",
      "to": "https://www.atob.com/privacy-policy",
      "label": "Privacy Policy"
    }
  ]
}